title,url,page_count,published_date,system,modified_date,price,softcover,hardcover,premium,pdf,color,product,Greg Stafford,number of authors,number of artists
RuneQuest Starter Set,https://www.drivethrurpg.com/en/product/370454/runequest-starter-set,180.0,11/10/21,"RuneQuest, BRP (Basic Roleplaying)","Nov 9, 2021",14.99,0,0,0,1,0,PDF,1,3,15
Going Underground - Rivers of London RPG Scenario,https://www.drivethrurpg.com/en/product/475104/going-underground-rivers-of-london-rpg-scenario,40.0,4/19/24,Basic Roleplaying,"Apr 16, 2024",6.99,0,0,0,1,0,PDF,0,2,2
Going Underground - Rivers of London RPG Scenario,https://www.drivethrurpg.com/en/product/475104/going-underground-rivers-of-london-rpg-scenario,40.0,4/19/24,Basic Roleplaying,"Apr 16, 2024",20.99,1,0,1,0,1,"Softcover, Premium Color Book (8.25"" x 10.75"")",0,2,2
Going Underground - Rivers of London RPG Scenario,https://www.drivethrurpg.com/en/product/475104/going-underground-rivers-of-london-rpg-scenario,40.0,4/19/24,Basic Roleplaying,"Apr 16, 2024",14.99,1,0,0,0,1,"Softcover, Standard Color Book (8.25"" x 10.75"")",0,2,2
Going Underground - Rivers of London RPG Scenario,https://www.drivethrurpg.com/en/product/475104/going-underground-rivers-of-london-rpg-scenario,40.0,4/19/24,Basic Roleplaying,"Apr 16, 2024",27.98,1,0,1,1,1,"PDF + Softcover, Premium Color Book (8.25"" x 10.75"")",0,2,2
Going Underground - Rivers of London RPG Scenario,https://www.drivethrurpg.com/en/product/475104/going-underground-rivers-of-london-rpg-scenario,40.0,4/19/24,Basic Roleplaying,"Apr 16, 2024",21.98,1,0,0,1,1,"PDF + Softcover, Standard Color Book (8.25"" x 10.75"")",0,2,2
Call of Cthulhu: Arkham,https://www.drivethrurpg.com/en/product/469816/call-of-cthulhu-arkham,270.0,2/21/24,Call of Cthulhu,"Apr 2, 2024",29.99,0,0,0,1,0,PDF,0,3,12
Call of Cthulhu Starter Set,https://www.drivethrurpg.com/en/product/260810/call-of-cthulhu-starter-set,154.0,12/12/18,Call of Cthulhu,"Jul 5, 2023",9.99,0,0,0,1,0,PDF,0,11,12
Basic Roleplaying: Universal Game Engine,https://www.drivethrurpg.com/en/product/431991/basic-roleplaying-universal-game-engine,264.0,4/7/23,Basic Roleplaying,"Mar 12, 2024",24.99,0,0,0,1,0,PDF,0,2,16
Heinrich's Call of Cthulhu Guide to Carcosa,https://www.drivethrurpg.com/en/product/462154/heinrich-s-call-of-cthulhu-guide-to-carcosa,340.0,11/29/23,Call of Cthulhu,"Jan 23, 2024",12.95,0,0,0,1,0,PDF,0,1,1
Heinrich's Call of Cthulhu Guide to Carcosa,https://www.drivethrurpg.com/en/product/462154/heinrich-s-call-of-cthulhu-guide-to-carcosa,340.0,11/29/23,Call of Cthulhu,"Jan 23, 2024",64.95,1,0,1,0,1,"Softcover, Premium Color Book (8.5"" x 11"")",0,1,1
Heinrich's Call of Cthulhu Guide to Carcosa,https://www.drivethrurpg.com/en/product/462154/heinrich-s-call-of-cthulhu-guide-to-carcosa,340.0,11/29/23,Call of Cthulhu,"Jan 23, 2024",68.95,0,1,1,0,1,"Hardcover, Premium Color Book (8.5"" x 11"")",0,1,1
Heinrich's Call of Cthulhu Guide to Carcosa,https://www.drivethrurpg.com/en/product/462154/heinrich-s-call-of-cthulhu-guide-to-carcosa,340.0,11/29/23,Call of Cthulhu,"Jan 23, 2024",77.9,1,0,1,1,1,"PDF + Softcover, Premium Color Book (8.5"" x 11"")",0,1,1
Heinrich's Call of Cthulhu Guide to Carcosa,https://www.drivethrurpg.com/en/product/462154/heinrich-s-call-of-cthulhu-guide-to-carcosa,340.0,11/29/23,Call of Cthulhu,"Jan 23, 2024",81.9,0,1,1,1,1,"PDF + Hardcover, Premium Color Book (8.5"" x 11"")",0,1,1
Alone Against Nyarlathotep,https://www.drivethrurpg.com/en/product/476836/alone-against-nyarlathotep,340.0,4/7/24,Call of Cthulhu,"Apr 7, 2024",18.99,0,0,0,1,0,PDF,0,1,1
Echoes in the Mist: A Regency Cthulhu Story Guide,https://www.drivethrurpg.com/en/product/480447/echoes-in-the-mist-a-regency-cthulhu-story-guide,86.0,5/8/24,Call of Cthulhu,"May 8, 2024",6.99,0,0,0,1,0,PDF,0,2,6
Kane's Tone,https://www.drivethrurpg.com/en/product/476571/kane-s-tone,28.0,4/4/24,Call of Cthulhu,"Apr 4, 2024",4.49,0,0,0,1,0,PDF,0,1,1
Japan - Empire of Shadows: A Call of Cthulhu sourcebook for 1920s Imperial Japan,https://www.drivethrurpg.com/en/product/446091/japan-empire-of-shadows-a-call-of-cthulhu-sourcebook-for-1920s-imperial-japan,400.0,7/18/23,Call of Cthulhu,"Aug 17, 2023",14.95,0,0,0,1,0,PDF,0,1,0
Japan - Empire of Shadows: A Call of Cthulhu sourcebook for 1920s Imperial Japan,https://www.drivethrurpg.com/en/product/446091/japan-empire-of-shadows-a-call-of-cthulhu-sourcebook-for-1920s-imperial-japan,400.0,7/18/23,Call of Cthulhu,"Aug 17, 2023",37.95,1,0,0,0,1,"Softcover, Standard Color Book (8.5"" x 11"")",0,1,0
Japan - Empire of Shadows: A Call of Cthulhu sourcebook for 1920s Imperial Japan,https://www.drivethrurpg.com/en/product/446091/japan-empire-of-shadows-a-call-of-cthulhu-sourcebook-for-1920s-imperial-japan,400.0,7/18/23,Call of Cthulhu,"Aug 17, 2023",42.95,0,1,0,0,1,"Hardcover, Standard Color Book (8.5"" x 11"")",0,1,0
Japan - Empire of Shadows: A Call of Cthulhu sourcebook for 1920s Imperial Japan,https://www.drivethrurpg.com/en/product/446091/japan-empire-of-shadows-a-call-of-cthulhu-sourcebook-for-1920s-imperial-japan,400.0,7/18/23,Call of Cthulhu,"Aug 17, 2023",52.9,1,0,0,1,1,"PDF + Softcover, Standard Color Book (8.5"" x 11"")",0,1,0
Japan - Empire of Shadows: A Call of Cthulhu sourcebook for 1920s Imperial Japan,https://www.drivethrurpg.com/en/product/446091/japan-empire-of-shadows-a-call-of-cthulhu-sourcebook-for-1920s-imperial-japan,400.0,7/18/23,Call of Cthulhu,"Aug 17, 2023",57.9,0,1,0,1,1,"PDF + Hardcover, Standard Color Book (8.5"" x 11"")",0,1,0
Power Outage,https://www.drivethrurpg.com/en/product/476224/power-outage,40.0,4/27/24,BRP (Basic Roleplaying),"Apr 26, 2024",4.99,0,0,0,1,0,Watermarked PDF,0,3,1
Power Outage,https://www.drivethrurpg.com/en/product/476224/power-outage,40.0,4/27/24,BRP (Basic Roleplaying),"Apr 26, 2024",10.99,1,0,0,0,1,"Softcover, Standard Color Book (8.5"" x 11"")",0,3,1
Power Outage,https://www.drivethrurpg.com/en/product/476224/power-outage,40.0,4/27/24,BRP (Basic Roleplaying),"Apr 26, 2024",15.98,1,0,0,1,1,"PDF + Softcover, Standard Color Book (8.5"" x 11"")",0,3,1
Viral: A Modern Call of Cthulhu Scenario,https://www.drivethrurpg.com/en/product/391974/viral-a-modern-call-of-cthulhu-scenario,124.0,4/4/22,Call of Cthulhu,"Feb 15, 2023",12.95,0,0,0,0,0,ZIP File,0,1,1
Viral: A Modern Call of Cthulhu Scenario,https://www.drivethrurpg.com/en/product/391974/viral-a-modern-call-of-cthulhu-scenario,124.0,4/4/22,Call of Cthulhu,"Feb 15, 2023",31.89,1,0,1,0,1,"Softcover, Premium Color Book (8.5"" x 11"")",0,1,1
Viral: A Modern Call of Cthulhu Scenario,https://www.drivethrurpg.com/en/product/391974/viral-a-modern-call-of-cthulhu-scenario,124.0,4/4/22,Call of Cthulhu,"Feb 15, 2023",37.89,0,1,1,0,1,"Hardcover, Premium Color Book (8.5"" x 11"")",0,1,1
Viral: A Modern Call of Cthulhu Scenario,https://www.drivethrurpg.com/en/product/391974/viral-a-modern-call-of-cthulhu-scenario,124.0,4/4/22,Call of Cthulhu,"Feb 15, 2023",44.84,1,0,1,1,1,"PDF + Softcover, Premium Color Book (8.5"" x 11"")",0,1,1
Viral: A Modern Call of Cthulhu Scenario,https://www.drivethrurpg.com/en/product/391974/viral-a-modern-call-of-cthulhu-scenario,124.0,4/4/22,Call of Cthulhu,"Feb 15, 2023",50.84,0,1,1,1,1,"PDF + Hardcover, Premium Color Book (8.5"" x 11"")",0,1,1
Alone Against the Static,https://www.drivethrurpg.com/en/product/461171/alone-against-the-static,104.0,12/3/23,Call of Cthulhu,"May 6, 2024",14.99,0,0,0,1,0,PDF,0,1,3
The Million Flavoured Ones,https://www.drivethrurpg.com/en/product/480227/the-million-flavoured-ones,24.0,5/7/24,Call of Cthulhu,"May 7, 2024",4.0,0,0,0,1,0,PDF,0,1,1
The Comae Engine,https://www.drivethrurpg.com/en/product/418884/the-comae-engine,54.0,12/7/22,"Basic Roleplaying, d100 / d100 Lite","Mar 6, 2024",4.95,0,0,0,1,0,Watermarked PDF,0,1,4
The Comae Engine,https://www.drivethrurpg.com/en/product/418884/the-comae-engine,54.0,12/7/22,"Basic Roleplaying, d100 / d100 Lite","Mar 6, 2024",19.0,0,1,1,0,1,"Hardcover, Premium Color Book (5.5"" x 8.5"")",0,1,4
The Comae Engine,https://www.drivethrurpg.com/en/product/418884/the-comae-engine,54.0,12/7/22,"Basic Roleplaying, d100 / d100 Lite","Mar 6, 2024",11.0,1,0,0,0,1,"Softcover, Standard Color Book (5.5"" x 8.5"")",0,1,4
The Comae Engine,https://www.drivethrurpg.com/en/product/418884/the-comae-engine,54.0,12/7/22,"Basic Roleplaying, d100 / d100 Lite","Mar 6, 2024",23.95,0,1,1,1,1,"PDF + Hardcover, Premium Color Book (5.5"" x 8.5"")",0,1,4
The Comae Engine,https://www.drivethrurpg.com/en/product/418884/the-comae-engine,54.0,12/7/22,"Basic Roleplaying, d100 / d100 Lite","Mar 6, 2024",15.95,1,0,0,1,1,"PDF + Softcover, Standard Color Book (5.5"" x 8.5"")",0,1,4
In Darkness We Wait,https://www.drivethrurpg.com/en/product/476312/in-darkness-we-wait,36.0,4/10/24,Call of Cthulhu,"Apr 2, 2024",7.95,0,0,0,1,0,PDF,0,2,2
[Korean] 눈과 비로 만든 세계,https://www.drivethrurpg.com/en/product/385006/korean,252.0,1/29/22,Call of Cthulhu,"Feb 1, 2022",25.0,0,0,0,1,0,PDF,0,1,0
Book of Schemes,https://www.drivethrurpg.com/en/product/468943/book-of-schemes,272.0,3/9/24,Basic Roleplaying,"Mar 9, 2024",16.99,0,0,0,1,0,Watermarked PDF,0,1,2
Book of Schemes,https://www.drivethrurpg.com/en/product/468943/book-of-schemes,272.0,3/9/24,Basic Roleplaying,"Mar 9, 2024",44.99,0,1,0,0,1,"Hardcover, Standard Color Book (8.5"" x 11"")",0,1,2
Book of Schemes,https://www.drivethrurpg.com/en/product/468943/book-of-schemes,272.0,3/9/24,Basic Roleplaying,"Mar 9, 2024",61.98,0,1,0,1,1,"PDF + Hardcover, Standard Color Book (8.5"" x 11"")",0,1,2
Mythras,https://www.drivethrurpg.com/en/product/191475/mythras,304.0,8/21/16,BRP (Basic Roleplaying),"Feb 21, 2023",15.0,0,0,0,1,0,Watermarked PDF,0,2,10
Mythras,https://www.drivethrurpg.com/en/product/191475/mythras,304.0,8/21/16,BRP (Basic Roleplaying),"Feb 21, 2023",34.99,0,1,0,0,0,"Hardcover, B&W Book (8.5"" x 11"")",0,2,10
Mythras,https://www.drivethrurpg.com/en/product/191475/mythras,304.0,8/21/16,BRP (Basic Roleplaying),"Feb 21, 2023",45.98,0,1,0,1,0,"PDF + Hardcover, B&W Book (8.5"" x 11"")",0,2,10
Basic Roleplaying,https://www.drivethrurpg.com/en/product/24384/basic-roleplaying,400.0,1/17/07,Basic Roleplaying,"Apr 13, 2022",21.99,0,0,0,1,0,Watermarked PDF,0,1,1
Basic Roleplaying,https://www.drivethrurpg.com/en/product/24384/basic-roleplaying,400.0,1/17/07,Basic Roleplaying,"Apr 13, 2022",39.99,1,0,0,0,0,"Softcover, B&W Book (8.5"" x 11"")",0,1,1
Basic Roleplaying,https://www.drivethrurpg.com/en/product/24384/basic-roleplaying,400.0,1/17/07,Basic Roleplaying,"Apr 13, 2022",61.98,1,0,0,1,0,"PDF + Softcover, B&W Book (8.5"" x 11"")",0,1,1
[Korean] The world of cliche,https://www.drivethrurpg.com/en/product/386943/korean-the-world-of-cliche,202.0,2/14/22,Call of Cthulhu,"Feb 14, 2022",23.0,0,0,0,1,0,PDF,0,1,1
[Korean] 100시간 연대기 (Chronicle of 100 hours),https://www.drivethrurpg.com/en/product/365897/korean-100-chronicle-of-100-hours,,3/19/22,Call of Cthulhu,"Jul 29, 2021",21.0,0,0,0,1,0,PDF,0,1,0
The Oracle of Yuggoth,https://www.drivethrurpg.com/en/product/478643/the-oracle-of-yuggoth,16.0,4/24/24,Call of Cthulhu,"Apr 24, 2024",3.0,0,0,0,1,0,PDF,0,1,1
Flash Cthulhu - Sell Yourself,https://www.drivethrurpg.com/en/product/479225/flash-cthulhu-sell-yourself,8.0,4/29/24,Call of Cthulhu,"Apr 29, 2024",0.99,0,0,0,1,0,PDF,0,1,1
Call of Cthulhu 7th Edition - Keeper's Rulebook,https://www.drivethrurpg.com/en/product/150997/call-of-cthulhu-7th-edition-keeper-s-rulebook,488.0,6/11/15,Call of Cthulhu,"May 25, 2023",27.95,0,0,0,1,0,PDF,0,4,1
The Dare,https://www.drivethrurpg.com/en/product/220315/the-dare,70.0,9/29/20,Call of Cthulhu,"Oct 10, 2020",14.99,0,0,0,1,0,Watermarked PDF,0,2,5
The Dare,https://www.drivethrurpg.com/en/product/220315/the-dare,70.0,9/29/20,Call of Cthulhu,"Oct 10, 2020",16.66,1,0,0,0,0,"Softcover, B&W Book (8.5"" x 11"")",0,2,5
The Dare,https://www.drivethrurpg.com/en/product/220315/the-dare,70.0,9/29/20,Call of Cthulhu,"Oct 10, 2020",26.65,1,0,0,1,0,"PDF + Softcover, B&W Book (8.5"" x 11"")",0,2,5
Swamp Song: A 1920s Scenario for Call of Cthulhu,https://www.drivethrurpg.com/en/product/431267/swamp-song-a-1920s-scenario-for-call-of-cthulhu,44.0,3/22/23,Call of Cthulhu,"Jul 10, 2023",2.99,0,0,0,1,0,PDF,0,1,3
Swamp Song: A 1920s Scenario for Call of Cthulhu,https://www.drivethrurpg.com/en/product/431267/swamp-song-a-1920s-scenario-for-call-of-cthulhu,44.0,3/22/23,Call of Cthulhu,"Jul 10, 2023",9.99,1,0,1,0,1,"Softcover, Premium Color Book (8.5"" x 11"")",0,1,3
Swamp Song: A 1920s Scenario for Call of Cthulhu,https://www.drivethrurpg.com/en/product/431267/swamp-song-a-1920s-scenario-for-call-of-cthulhu,44.0,3/22/23,Call of Cthulhu,"Jul 10, 2023",12.98,1,0,1,1,1,"PDF + Softcover, Premium Color Book (8.5"" x 11"")",0,1,3
[Korean] 필수교양,https://www.drivethrurpg.com/en/product/363894/korean,86.0,7/11/21,Call of Cthulhu,"Jul 12, 2021",10.0,0,0,0,1,0,PDF,0,1,0
Signal to Noise - A 1980s Analog Horror Scenario,https://www.drivethrurpg.com/en/product/442567/signal-to-noise-a-1980s-analog-horror-scenario,80.0,6/22/23,Call of Cthulhu,"Feb 21, 2024",9.99,0,0,0,1,0,PDF,0,1,1
Signal to Noise - A 1980s Analog Horror Scenario,https://www.drivethrurpg.com/en/product/442567/signal-to-noise-a-1980s-analog-horror-scenario,80.0,6/22/23,Call of Cthulhu,"Feb 21, 2024",22.99,1,0,1,0,1,"Softcover, Premium Color Book (8.5"" x 11"")",0,1,1
Signal to Noise - A 1980s Analog Horror Scenario,https://www.drivethrurpg.com/en/product/442567/signal-to-noise-a-1980s-analog-horror-scenario,80.0,6/22/23,Call of Cthulhu,"Feb 21, 2024",32.98,1,0,1,1,1,"PDF + Softcover, Premium Color Book (8.5"" x 11"")",0,1,1
Heinrich's Call of Cthulhu Guide to Character Creation,https://www.drivethrurpg.com/en/product/385321/heinrich-s-call-of-cthulhu-guide-to-character-creation,153.0,1/31/22,Call of Cthulhu,"Apr 17, 2022",11.95,0,0,0,1,0,PDF,0,1,1
Heinrich's Call of Cthulhu Guide to Character Creation,https://www.drivethrurpg.com/en/product/385321/heinrich-s-call-of-cthulhu-guide-to-character-creation,153.0,1/31/22,Call of Cthulhu,"Apr 17, 2022",23.95,1,0,0,0,1,"Softcover, Standard Color Book (8.5"" x 11"")",0,1,1
Heinrich's Call of Cthulhu Guide to Character Creation,https://www.drivethrurpg.com/en/product/385321/heinrich-s-call-of-cthulhu-guide-to-character-creation,153.0,1/31/22,Call of Cthulhu,"Apr 17, 2022",29.95,0,1,0,0,1,"Hardcover, Standard Color Book (8.5"" x 11"")",0,1,1
Heinrich's Call of Cthulhu Guide to Character Creation,https://www.drivethrurpg.com/en/product/385321/heinrich-s-call-of-cthulhu-guide-to-character-creation,153.0,1/31/22,Call of Cthulhu,"Apr 17, 2022",35.9,1,0,0,1,1,"PDF + Softcover, Standard Color Book (8.5"" x 11"")",0,1,1
Heinrich's Call of Cthulhu Guide to Character Creation,https://www.drivethrurpg.com/en/product/385321/heinrich-s-call-of-cthulhu-guide-to-character-creation,153.0,1/31/22,Call of Cthulhu,"Apr 17, 2022",41.9,0,1,0,1,1,"PDF + Hardcover, Standard Color Book (8.5"" x 11"")",0,1,1
Starport Helios,https://www.drivethrurpg.com/en/product/479784/starport-helios,10.0,5/4/24,Call of Cthulhu,"May 4, 2024",,0,0,0,1,0,PDF,0,1,1
The Curse of Punk | A Call of Cthulhu Scenario,https://www.drivethrurpg.com/en/product/478253/the-curse-of-punk-a-call-of-cthulhu-scenario,35.0,4/22/24,Call of Cthulhu,"Apr 21, 2024",4.95,0,0,0,1,0,PDF,0,1,0
The Shadow over Providence: Enhanced Edition,https://www.drivethrurpg.com/en/product/464579/the-shadow-over-providence-enhanced-edition,42.0,12/20/23,Call of Cthulhu,"Dec 20, 2023",6.99,0,0,0,1,0,PDF,0,1,5
Host and Hostility: Three Regency Call of Cthulhu Scenarios,https://www.drivethrurpg.com/en/product/417681/host-and-hostility-three-regency-call-of-cthulhu-scenarios,105.0,11/24/22,Call of Cthulhu,"Feb 11, 2024",7.99,0,0,0,1,0,PDF,0,1,3
Host and Hostility: Three Regency Call of Cthulhu Scenarios,https://www.drivethrurpg.com/en/product/417681/host-and-hostility-three-regency-call-of-cthulhu-scenarios,105.0,11/24/22,Call of Cthulhu,"Feb 11, 2024",14.99,1,0,0,0,1,"Softcover, Standard Color Book (8.5"" x 11"")",0,1,3
Host and Hostility: Three Regency Call of Cthulhu Scenarios,https://www.drivethrurpg.com/en/product/417681/host-and-hostility-three-regency-call-of-cthulhu-scenarios,105.0,11/24/22,Call of Cthulhu,"Feb 11, 2024",19.99,0,1,0,0,1,"Hardcover, Standard Color Book (8.5"" x 11"")",0,1,3
Host and Hostility: Three Regency Call of Cthulhu Scenarios,https://www.drivethrurpg.com/en/product/417681/host-and-hostility-three-regency-call-of-cthulhu-scenarios,105.0,11/24/22,Call of Cthulhu,"Feb 11, 2024",22.98,1,0,0,1,1,"PDF + Softcover, Standard Color Book (8.5"" x 11"")",0,1,3
Host and Hostility: Three Regency Call of Cthulhu Scenarios,https://www.drivethrurpg.com/en/product/417681/host-and-hostility-three-regency-call-of-cthulhu-scenarios,105.0,11/24/22,Call of Cthulhu,"Feb 11, 2024",27.98,0,1,0,1,1,"PDF + Hardcover, Standard Color Book (8.5"" x 11"")",0,1,3
The Last Dance of Lola Montez: A Call of Cthulhu Modern Adventure,https://www.drivethrurpg.com/en/product/455049/the-last-dance-of-lola-montez-a-call-of-cthulhu-modern-adventure,43.0,3/23/24,Call of Cthulhu,"Apr 4, 2024",2.97,0,0,0,1,0,PDF,0,1,2
The Last Dance of Lola Montez: A Call of Cthulhu Modern Adventure,https://www.drivethrurpg.com/en/product/455049/the-last-dance-of-lola-montez-a-call-of-cthulhu-modern-adventure,43.0,3/23/24,Call of Cthulhu,"Apr 4, 2024",6.97,1,0,0,0,1,"Softcover, Standard Color Book (8.5"" x 11"")",0,1,2
The Last Dance of Lola Montez: A Call of Cthulhu Modern Adventure,https://www.drivethrurpg.com/en/product/455049/the-last-dance-of-lola-montez-a-call-of-cthulhu-modern-adventure,43.0,3/23/24,Call of Cthulhu,"Apr 4, 2024",9.94,1,0,0,1,1,"PDF + Softcover, Standard Color Book (8.5"" x 11"")",0,1,2
Rivers of London: The Roleplaying Game,https://www.drivethrurpg.com/en/product/417715/rivers-of-london-the-roleplaying-game,400.0,11/29/22,Basic Roleplaying,"Aug 24, 2023",29.99,0,0,0,1,0,PDF,0,10,16
Call of Cthulhu Investigator Handbook 7th Edition,https://www.drivethrurpg.com/en/product/167631/call-of-cthulhu-investigator-handbook-7th-edition,288.0,11/30/15,Call of Cthulhu,"Jan 24, 2021",22.95,0,0,0,1,0,PDF,0,5,0
The Solo Investigator's Handbook,https://www.drivethrurpg.com/en/product/266779/the-solo-investigator-s-handbook,95.0,2/15/19,Call of Cthulhu,"Jul 31, 2021",9.99,0,0,0,1,0,PDF,0,1,1
The Solo Investigator's Handbook,https://www.drivethrurpg.com/en/product/266779/the-solo-investigator-s-handbook,95.0,2/15/19,Call of Cthulhu,"Jul 31, 2021",16.99,1,0,0,0,1,"Softcover, Standard Color Book (8.5"" x 11"")",0,1,1
The Solo Investigator's Handbook,https://www.drivethrurpg.com/en/product/266779/the-solo-investigator-s-handbook,95.0,2/15/19,Call of Cthulhu,"Jul 31, 2021",26.98,1,0,0,1,1,"PDF + Softcover, Standard Color Book (8.5"" x 11"")",0,1,1
Inversion: A Modern Call of Cthulhu Scenario,https://www.drivethrurpg.com/en/product/472336/inversion-a-modern-call-of-cthulhu-scenario,214.0,2/27/24,Call of Cthulhu,"Feb 28, 2024",14.95,0,0,0,1,0,PDF and MP3 Bundle,0,2,1
Of Sorrow and Clay,https://www.drivethrurpg.com/en/product/396056/of-sorrow-and-clay,40.0,5/7/22,Call of Cthulhu,"May 4, 2023",4.95,0,0,0,1,0,PDF,0,1,2
Of Sorrow and Clay,https://www.drivethrurpg.com/en/product/396056/of-sorrow-and-clay,40.0,5/7/22,Call of Cthulhu,"May 4, 2023",11.95,1,0,1,0,1,"Softcover, Premium Color Book (8.5"" x 11"")",0,1,2
Of Sorrow and Clay,https://www.drivethrurpg.com/en/product/396056/of-sorrow-and-clay,40.0,5/7/22,Call of Cthulhu,"May 4, 2023",16.9,1,0,1,1,1,"PDF + Softcover, Premium Color Book (8.5"" x 11"")",0,1,2
Branches of Bone - A Viking Age Cthulhu Dark Ages Scenario,https://www.drivethrurpg.com/en/product/405806/branches-of-bone-a-viking-age-cthulhu-dark-ages-scenario,40.0,8/8/22,Call of Cthulhu,"Jan 17, 2023",4.95,0,0,0,1,0,PDF,0,1,1
Branches of Bone - A Viking Age Cthulhu Dark Ages Scenario,https://www.drivethrurpg.com/en/product/405806/branches-of-bone-a-viking-age-cthulhu-dark-ages-scenario,40.0,8/8/22,Call of Cthulhu,"Jan 17, 2023",9.95,1,0,1,0,1,"Softcover, Premium Color Book (8.5"" x 11"")",0,1,1
Branches of Bone - A Viking Age Cthulhu Dark Ages Scenario,https://www.drivethrurpg.com/en/product/405806/branches-of-bone-a-viking-age-cthulhu-dark-ages-scenario,40.0,8/8/22,Call of Cthulhu,"Jan 17, 2023",14.9,1,0,1,1,1,"PDF + Softcover, Premium Color Book (8.5"" x 11"")",0,1,1
Cults of Cthulhu,https://www.drivethrurpg.com/en/product/375869/cults-of-cthulhu,366.0,10/30/21,Call of Cthulhu,"Jul 15, 2022",24.99,0,0,0,1,0,PDF,0,2,18
The Things We Leave Behind - An Anthology of Modern Day Call of Cthulhu Scenarios,https://www.drivethrurpg.com/en/product/191250/the-things-we-leave-behind-an-anthology-of-modern-day-call-of-cthulhu-scenarios,138.0,8/21/16,Call of Cthulhu,"Aug 29, 2016",19.95,0,0,0,1,0,Watermarked PDF,0,5,5
The Things We Leave Behind - An Anthology of Modern Day Call of Cthulhu Scenarios,https://www.drivethrurpg.com/en/product/191250/the-things-we-leave-behind-an-anthology-of-modern-day-call-of-cthulhu-scenarios,138.0,8/21/16,Call of Cthulhu,"Aug 29, 2016",40.95,0,1,0,0,0,"Hardcover, B&W Book (8.5"" x 11"")",0,5,5
The Things We Leave Behind - An Anthology of Modern Day Call of Cthulhu Scenarios,https://www.drivethrurpg.com/en/product/191250/the-things-we-leave-behind-an-anthology-of-modern-day-call-of-cthulhu-scenarios,138.0,8/21/16,Call of Cthulhu,"Aug 29, 2016",60.9,0,1,0,1,0,"PDF + Hardcover, B&W Book (8.5"" x 11"")",0,5,5
Carnival of Madness: A Call of Cthulhu Scenario for the 1970s,https://www.drivethrurpg.com/en/product/373621/carnival-of-madness-a-call-of-cthulhu-scenario-for-the-1970s,92.0,10/10/21,Call of Cthulhu,"Apr 1, 2023",11.95,0,0,0,1,0,PDF,0,2,3
Carnival of Madness: A Call of Cthulhu Scenario for the 1970s,https://www.drivethrurpg.com/en/product/373621/carnival-of-madness-a-call-of-cthulhu-scenario-for-the-1970s,92.0,10/10/21,Call of Cthulhu,"Apr 1, 2023",24.95,1,0,1,0,1,"Softcover, Premium Color Book (8.5"" x 11"")",0,2,3
Carnival of Madness: A Call of Cthulhu Scenario for the 1970s,https://www.drivethrurpg.com/en/product/373621/carnival-of-madness-a-call-of-cthulhu-scenario-for-the-1970s,92.0,10/10/21,Call of Cthulhu,"Apr 1, 2023",29.95,0,1,1,0,1,"Hardcover, Premium Color Book (8.5"" x 11"")",0,2,3
Carnival of Madness: A Call of Cthulhu Scenario for the 1970s,https://www.drivethrurpg.com/en/product/373621/carnival-of-madness-a-call-of-cthulhu-scenario-for-the-1970s,92.0,10/10/21,Call of Cthulhu,"Apr 1, 2023",36.9,1,0,1,1,1,"PDF + Softcover, Premium Color Book (8.5"" x 11"")",0,2,3
Carnival of Madness: A Call of Cthulhu Scenario for the 1970s,https://www.drivethrurpg.com/en/product/373621/carnival-of-madness-a-call-of-cthulhu-scenario-for-the-1970s,92.0,10/10/21,Call of Cthulhu,"Apr 1, 2023",41.9,0,1,1,1,1,"PDF + Hardcover, Premium Color Book (8.5"" x 11"")",0,2,3
The Book of Random Tables: Eldritch,https://www.drivethrurpg.com/en/product/435499/the-book-of-random-tables-eldritch,52.0,4/27/23,"Call of Cthulhu,  Any system / system-agnostic, d100 / d100 Lite","Apr 27, 2023",4.99,0,0,0,1,0,Watermarked PDF,0,1,0
The Book of Random Tables: Eldritch,https://www.drivethrurpg.com/en/product/435499/the-book-of-random-tables-eldritch,52.0,4/27/23,"Call of Cthulhu,  Any system / system-agnostic, d100 / d100 Lite","Apr 27, 2023",9.99,1,0,0,0,0,"Softcover, B&W Book (8.5"" x 11"")",0,1,0
The Book of Random Tables: Eldritch,https://www.drivethrurpg.com/en/product/435499/the-book-of-random-tables-eldritch,52.0,4/27/23,"Call of Cthulhu,  Any system / system-agnostic, d100 / d100 Lite","Apr 27, 2023",13.98,1,0,0,1,0,"PDF + Softcover, B&W Book (8.5"" x 11"")",0,1,0
Rangers in Campaign 6,https://www.drivethrurpg.com/en/product/479847/rangers-in-campaign-6,56.0,5/4/24,"d100, BRP (Basic Roleplaying)","May 4, 2024",4.29,0,0,0,1,0,PDF,0,1,1
[Spanish] El último sacrificio,https://www.drivethrurpg.com/en/product/475948/spanish-el-ultimo-sacrificio,80.0,3/30/24,Call of Cthulhu,"Apr 2, 2024",5.27,0,0,0,1,0,PDF,0,1,1
At the Gates of Carcosa,https://www.drivethrurpg.com/en/product/460276/at-the-gates-of-carcosa,19.0,11/13/23,Call of Cthulhu,"Dec 5, 2023",3.0,0,0,0,1,0,PDF,0,1,1
Cults of RuneQuest - The Prosopaedia,https://www.drivethrurpg.com/en/product/441508/cults-of-runequest-the-prosopaedia,148.0,7/13/23,BRP (Basic Roleplaying),"Jul 13, 2023",18.99,0,0,0,1,0,PDF,1,4,1
Fear's Sharp Little Needles - 26 Modern Day Call of Cthulhu Scenarios,https://www.drivethrurpg.com/en/product/245289/fear-s-sharp-little-needles-26-modern-day-call-of-cthulhu-scenarios,200.0,6/24/18,Call of Cthulhu,"Jul 13, 2018",19.95,0,0,0,1,0,Watermarked PDF,0,18,5
Fear's Sharp Little Needles - 26 Modern Day Call of Cthulhu Scenarios,https://www.drivethrurpg.com/en/product/245289/fear-s-sharp-little-needles-26-modern-day-call-of-cthulhu-scenarios,200.0,6/24/18,Call of Cthulhu,"Jul 13, 2018",59.95,0,1,1,0,1,"Hardcover, Premium Color Book (8.5"" x 11"")",0,18,5
Fear's Sharp Little Needles - 26 Modern Day Call of Cthulhu Scenarios,https://www.drivethrurpg.com/en/product/245289/fear-s-sharp-little-needles-26-modern-day-call-of-cthulhu-scenarios,200.0,6/24/18,Call of Cthulhu,"Jul 13, 2018",79.9,0,1,1,1,1,"PDF + Hardcover, Premium Color Book (8.5"" x 11"")",0,18,5
Bayt al Azif #5: A magazine for Cthulhu Mythos roleplaying games,https://www.drivethrurpg.com/en/product/432915/bayt-al-azif-5-a-magazine-for-cthulhu-mythos-roleplaying-games,120.0,5/3/23,"Call of Cthulhu, Mork Borg","May 1, 2023",10.0,0,0,0,1,0,PDF,0,17,13
Bayt al Azif #5: A magazine for Cthulhu Mythos roleplaying games,https://www.drivethrurpg.com/en/product/432915/bayt-al-azif-5-a-magazine-for-cthulhu-mythos-roleplaying-games,120.0,5/3/23,"Call of Cthulhu, Mork Borg","May 1, 2023",19.0,1,0,0,0,1,"Softcover, Standard Color Book (8.5"" x 11"")",0,17,13
Bayt al Azif #5: A magazine for Cthulhu Mythos roleplaying games,https://www.drivethrurpg.com/en/product/432915/bayt-al-azif-5-a-magazine-for-cthulhu-mythos-roleplaying-games,120.0,5/3/23,"Call of Cthulhu, Mork Borg","May 1, 2023",25.0,0,1,0,0,1,"Hardcover, Standard Color Book (8.5"" x 11"")",0,17,13
Bayt al Azif #5: A magazine for Cthulhu Mythos roleplaying games,https://www.drivethrurpg.com/en/product/432915/bayt-al-azif-5-a-magazine-for-cthulhu-mythos-roleplaying-games,120.0,5/3/23,"Call of Cthulhu, Mork Borg","May 1, 2023",29.0,1,0,0,1,1,"PDF + Softcover, Standard Color Book (8.5"" x 11"")",0,17,13
Bayt al Azif #5: A magazine for Cthulhu Mythos roleplaying games,https://www.drivethrurpg.com/en/product/432915/bayt-al-azif-5-a-magazine-for-cthulhu-mythos-roleplaying-games,120.0,5/3/23,"Call of Cthulhu, Mork Borg","May 1, 2023",35.0,0,1,0,1,1,"PDF + Hardcover, Standard Color Book (8.5"" x 11"")",0,17,13
The Art of Hygge,https://www.drivethrurpg.com/en/product/447791/the-art-of-hygge,25.0,7/31/23,Call of Cthulhu,"Jan 5, 2024",3.99,0,0,0,1,0,PDF,0,1,5
[Korean] 구사록 946 :: The Cat's Story,https://www.drivethrurpg.com/en/product/393453/korean-946-the-cat-s-story,247.0,4/13/22,Call of Cthulhu,"Apr 13, 2022",15.0,0,0,0,1,0,PDF,0,1,0
[Korean] 팬텀 블루 미스트!,https://www.drivethrurpg.com/en/product/328164/korean,146.0,9/12/20,Call of Cthulhu,"Sep 12, 2020",20.0,0,0,0,0,0,ZIP File,0,1,0
Good Vibes Only,https://www.drivethrurpg.com/en/product/405589/good-vibes-only,44.0,8/5/22,Call of Cthulhu,"Dec 19, 2022",5.99,0,0,0,1,0,PDF,0,2,1
Good Vibes Only,https://www.drivethrurpg.com/en/product/405589/good-vibes-only,44.0,8/5/22,Call of Cthulhu,"Dec 19, 2022",9.99,1,0,0,0,1,"Softcover, Standard Color Book (8.5"" x 11"")",0,2,1
Good Vibes Only,https://www.drivethrurpg.com/en/product/405589/good-vibes-only,44.0,8/5/22,Call of Cthulhu,"Dec 19, 2022",15.98,1,0,0,1,1,"PDF + Softcover, Standard Color Book (8.5"" x 11"")",0,2,1
Dead Light and Other Dark Turns,https://www.drivethrurpg.com/en/product/297068/dead-light-and-other-dark-turns,88.0,12/9/19,Call of Cthulhu,"Sep 23, 2020",6.99,0,0,0,1,0,PDF,0,4,8
Los Hobos and the Wolves of Carcosa,https://www.drivethrurpg.com/en/product/475313/los-hobos-and-the-wolves-of-carcosa,66.0,3/24/24,Call of Cthulhu,"Mar 24, 2024",6.95,0,0,0,1,0,PDF,0,1,1
Bad Tidings,https://www.drivethrurpg.com/en/product/435737/bad-tidings,30.0,4/29/23,Call of Cthulhu,"Nov 28, 2023",4.95,0,0,0,1,0,PDF,0,1,1
Bad Tidings,https://www.drivethrurpg.com/en/product/435737/bad-tidings,30.0,4/29/23,Call of Cthulhu,"Nov 28, 2023",9.91,1,0,1,0,1,"Softcover, Premium Color Book (8.5"" x 11"")",0,1,1
Bad Tidings,https://www.drivethrurpg.com/en/product/435737/bad-tidings,30.0,4/29/23,Call of Cthulhu,"Nov 28, 2023",14.86,1,0,1,1,1,"PDF + Softcover, Premium Color Book (8.5"" x 11"")",0,1,1
Cursed,https://www.drivethrurpg.com/en/product/404425/cursed,40.0,7/27/22,Call of Cthulhu,"Jul 27, 2022",2.99,0,0,0,1,0,PDF,0,1,0
Cursed,https://www.drivethrurpg.com/en/product/404425/cursed,40.0,7/27/22,Call of Cthulhu,"Jul 27, 2022",7.0,1,0,0,0,1,"Softcover, Standard Color Book (8.5"" x 11"")",0,1,0
Cursed,https://www.drivethrurpg.com/en/product/404425/cursed,40.0,7/27/22,Call of Cthulhu,"Jul 27, 2022",9.99,1,0,0,1,1,"PDF + Softcover, Standard Color Book (8.5"" x 11"")",0,1,0
Flesh Wounds,https://www.drivethrurpg.com/en/product/415946/flesh-wounds,64.0,11/7/22,Call of Cthulhu,"Nov 13, 2022",4.99,0,0,0,1,0,PDF,0,1,3
Flesh Wounds,https://www.drivethrurpg.com/en/product/415946/flesh-wounds,64.0,11/7/22,Call of Cthulhu,"Nov 13, 2022",14.99,1,0,1,0,1,"Softcover, Premium Color Book (8.5"" x 11"")",0,1,3
Flesh Wounds,https://www.drivethrurpg.com/en/product/415946/flesh-wounds,64.0,11/7/22,Call of Cthulhu,"Nov 13, 2022",19.98,1,0,1,1,1,"PDF + Softcover, Premium Color Book (8.5"" x 11"")",0,1,3
The Dragon of Wantley,https://www.drivethrurpg.com/en/product/390113/the-dragon-of-wantley,56.0,3/13/22,Call of Cthulhu,"Feb 11, 2024",5.0,0,0,0,1,0,PDF,0,1,3
The Dragon of Wantley,https://www.drivethrurpg.com/en/product/390113/the-dragon-of-wantley,56.0,3/13/22,Call of Cthulhu,"Feb 11, 2024",10.0,1,0,0,0,1,"Softcover, Standard Color Book (8.5"" x 11"")",0,1,3
The Dragon of Wantley,https://www.drivethrurpg.com/en/product/390113/the-dragon-of-wantley,56.0,3/13/22,Call of Cthulhu,"Feb 11, 2024",15.0,1,0,0,1,1,"PDF + Softcover, Standard Color Book (8.5"" x 11"")",0,1,3
Cultist Armoury: Handout's for The Haunting,https://www.drivethrurpg.com/en/product/384469/cultist-armoury-handout-s-for-the-haunting,36.0,1/24/22,Call of Cthulhu,"Apr 15, 2024",4.99,0,0,0,1,0,PDF,0,1,0
[Chinese]相约九八,https://www.drivethrurpg.com/en/product/468441/chinese,123.0,1/24/24,Call of Cthulhu,"Feb 10, 2024",9.0,0,0,0,1,0,PDF,0,1,0
Overdue,https://www.drivethrurpg.com/en/product/400848/overdue,18.0,6/26/22,Call of Cthulhu,"Dec 20, 2022",2.99,0,0,0,1,0,PDF,0,1,1
Overdue,https://www.drivethrurpg.com/en/product/400848/overdue,18.0,6/26/22,Call of Cthulhu,"Dec 20, 2022",8.99,1,0,1,0,1,"Softcover, Premium Color Book (8.5"" x 11"")",0,1,1
Overdue,https://www.drivethrurpg.com/en/product/400848/overdue,18.0,6/26/22,Call of Cthulhu,"Dec 20, 2022",11.98,1,0,1,1,1,"PDF + Softcover, Premium Color Book (8.5"" x 11"")",0,1,1
RuneQuest - Roleplaying in Glorantha,https://www.drivethrurpg.com/en/product/243427/runequest-roleplaying-in-glorantha,445.0,5/31/18,"RuneQuest, BRP (Basic Roleplaying)","May 3, 2023",27.95,0,0,0,1,0,PDF,1,15,18
Regency Cthulhu,https://www.drivethrurpg.com/en/product/414701/regency-cthulhu,244.0,11/7/22,Call of Cthulhu,"May 15, 2023",22.99,0,0,0,1,0,PDF,0,2,17
"Ghatanothoa, the Forgotten One",https://www.drivethrurpg.com/en/product/475327/ghatanothoa-the-forgotten-one,15.0,3/24/24,Call of Cthulhu,"Apr 5, 2024",3.0,0,0,0,1,0,PDF,0,1,1
The Pharaoh's Sacrifice,https://www.drivethrurpg.com/en/product/403854/the-pharaoh-s-sacrifice,50.0,7/28/22,Call of Cthulhu,"Jul 30, 2022",3.95,0,0,0,1,0,PDF,0,1,0
The Grindhouse: Ultimate Collection - Vol. 1-3,https://www.drivethrurpg.com/en/product/406202/the-grindhouse-ultimate-collection-vol-1-3,140.0,8/11/22,Call of Cthulhu,"Oct 25, 2022",8.95,0,0,0,1,0,PDF,0,2,1
The Grindhouse: Ultimate Collection - Vol. 1-3,https://www.drivethrurpg.com/en/product/406202/the-grindhouse-ultimate-collection-vol-1-3,140.0,8/11/22,Call of Cthulhu,"Oct 25, 2022",24.95,1,0,1,0,1,"Softcover, Premium Color Book (6"" x 9"")",0,2,1
The Grindhouse: Ultimate Collection - Vol. 1-3,https://www.drivethrurpg.com/en/product/406202/the-grindhouse-ultimate-collection-vol-1-3,140.0,8/11/22,Call of Cthulhu,"Oct 25, 2022",28.95,0,1,1,0,1,"Hardcover, Premium Color Book (6"" x 9"")",0,2,1
The Grindhouse: Ultimate Collection - Vol. 1-3,https://www.drivethrurpg.com/en/product/406202/the-grindhouse-ultimate-collection-vol-1-3,140.0,8/11/22,Call of Cthulhu,"Oct 25, 2022",33.9,1,0,1,1,1,"PDF + Softcover, Premium Color Book (6"" x 9"")",0,2,1
The Grindhouse: Ultimate Collection - Vol. 1-3,https://www.drivethrurpg.com/en/product/406202/the-grindhouse-ultimate-collection-vol-1-3,140.0,8/11/22,Call of Cthulhu,"Oct 25, 2022",37.9,0,1,1,1,1,"PDF + Hardcover, Premium Color Book (6"" x 9"")",0,2,1
Saturday the 14th,https://www.drivethrurpg.com/en/product/405700/saturday-the-14th,27.0,8/7/22,Call of Cthulhu,"Oct 2, 2023",5.0,0,0,0,1,0,PDF,0,1,1
Saturday the 14th,https://www.drivethrurpg.com/en/product/405700/saturday-the-14th,27.0,8/7/22,Call of Cthulhu,"Oct 2, 2023",7.99,1,0,0,0,1,"Softcover, Standard Color Book (8.5"" x 11"")",0,1,1
Saturday the 14th,https://www.drivethrurpg.com/en/product/405700/saturday-the-14th,27.0,8/7/22,Call of Cthulhu,"Oct 2, 2023",12.99,1,0,0,1,1,"PDF + Softcover, Standard Color Book (8.5"" x 11"")",0,1,1
Lights in the Trees,https://www.drivethrurpg.com/en/product/477685/lights-in-the-trees,43.0,4/16/24,Call of Cthulhu,"Apr 18, 2024",5.99,0,0,0,1,0,PDF,0,1,1
[Korean] 겨울성의 마왕,https://www.drivethrurpg.com/en/product/473092/korean,73.0,3/5/24,Call of Cthulhu,"Mar 5, 2024",7.0,0,0,0,1,0,PDF,0,1,1
Full Fathom Five: Call of Cthulhu,https://www.drivethrurpg.com/en/product/323755/full-fathom-five-call-of-cthulhu,60.0,8/1/20,Call of Cthulhu,"Aug 16, 2020",6.99,0,0,0,1,0,PDF,0,1,2
Full Fathom Five: Call of Cthulhu,https://www.drivethrurpg.com/en/product/323755/full-fathom-five-call-of-cthulhu,60.0,8/1/20,Call of Cthulhu,"Aug 16, 2020",11.99,1,0,0,0,1,"Softcover, Standard Color Book (8.5"" x 11"")",0,1,2
Full Fathom Five: Call of Cthulhu,https://www.drivethrurpg.com/en/product/323755/full-fathom-five-call-of-cthulhu,60.0,8/1/20,Call of Cthulhu,"Aug 16, 2020",18.98,1,0,0,1,1,"PDF + Softcover, Standard Color Book (8.5"" x 11"")",0,1,2
The Excursion,https://www.drivethrurpg.com/en/product/461968/the-excursion,23.0,11/28/23,Call of Cthulhu,"Nov 29, 2023",3.99,0,0,0,1,0,PDF,0,1,1
Basic Solo Roleplaying System,https://www.drivethrurpg.com/en/product/453576/basic-solo-roleplaying-system,40.0,9/19/23,"Call of Cthulhu, Basic Roleplaying","Sep 19, 2023",4.95,0,0,0,1,0,PDF,0,1,0
A Chill in Abashiri - A 1920s Taisho-Era Japan Scenario,https://www.drivethrurpg.com/en/product/418947/a-chill-in-abashiri-a-1920s-taisho-era-japan-scenario,39.0,12/5/22,Call of Cthulhu,"Oct 13, 2023",4.95,0,0,0,1,0,PDF,0,1,4
A Chill in Abashiri - A 1920s Taisho-Era Japan Scenario,https://www.drivethrurpg.com/en/product/418947/a-chill-in-abashiri-a-1920s-taisho-era-japan-scenario,39.0,12/5/22,Call of Cthulhu,"Oct 13, 2023",7.95,1,0,0,0,1,"Softcover, Standard Color Book (8.5"" x 11"")",0,1,4
A Chill in Abashiri - A 1920s Taisho-Era Japan Scenario,https://www.drivethrurpg.com/en/product/418947/a-chill-in-abashiri-a-1920s-taisho-era-japan-scenario,39.0,12/5/22,Call of Cthulhu,"Oct 13, 2023",12.9,1,0,0,1,1,"PDF + Softcover, Standard Color Book (8.5"" x 11"")",0,1,4
The Hidden People,https://www.drivethrurpg.com/en/product/463227/the-hidden-people,39.0,12/9/23,Call of Cthulhu,"Dec 9, 2023",2.99,0,0,0,1,0,PDF,0,1,2
Malleus Monstrorum - Cthulhu Mythos Bestiary,https://www.drivethrurpg.com/en/product/315777/malleus-monstrorum-cthulhu-mythos-bestiary,480.0,6/14/20,Call of Cthulhu,"Nov 30, 2021",39.99,0,0,0,1,0,Watermarked PDF,0,3,1
The Castle of Greed,https://www.drivethrurpg.com/en/product/418316/the-castle-of-greed,42.0,12/1/22,Call of Cthulhu,"Sep 5, 2023",4.99,0,0,0,1,0,PDF,0,2,2
The Castle of Greed,https://www.drivethrurpg.com/en/product/418316/the-castle-of-greed,42.0,12/1/22,Call of Cthulhu,"Sep 5, 2023",7.99,1,0,0,0,1,"Softcover, Standard Color Book (8.5"" x 11"")",0,2,2
The Castle of Greed,https://www.drivethrurpg.com/en/product/418316/the-castle-of-greed,42.0,12/1/22,Call of Cthulhu,"Sep 5, 2023",12.98,1,0,0,1,1,"PDF + Softcover, Standard Color Book (8.5"" x 11"")",0,2,2
Pulp Cthulhu (7th edition Call of Cthulhu),https://www.drivethrurpg.com/en/product/199600/pulp-cthulhu-7th-edition-call-of-cthulhu,272.0,12/1/16,Call of Cthulhu,"Jan 28, 2022",22.5,0,0,0,1,0,Watermarked PDF,0,9,8
The Idol of Thoth,https://www.drivethrurpg.com/en/product/229639/the-idol-of-thoth,22.0,12/24/17,Call of Cthulhu,"May 29, 2018",3.95,0,0,0,1,0,PDF,0,1,4
The Idol of Thoth,https://www.drivethrurpg.com/en/product/229639/the-idol-of-thoth,22.0,12/24/17,Call of Cthulhu,"May 29, 2018",6.95,1,0,0,0,1,"Softcover, Standard Color Book (8.5"" x 11"")",0,1,4
The Idol of Thoth,https://www.drivethrurpg.com/en/product/229639/the-idol-of-thoth,22.0,12/24/17,Call of Cthulhu,"May 29, 2018",10.9,1,0,0,1,1,"PDF + Softcover, Standard Color Book (8.5"" x 11"")",0,1,4
Alone Against the Dark,https://www.drivethrurpg.com/en/product/229634/alone-against-the-dark,102.0,12/24/17,Call of Cthulhu,"Sep 23, 2020",6.95,0,0,0,1,0,PDF,0,2,3
Safe Space,https://www.drivethrurpg.com/en/product/416790/safe-space,17.0,11/14/22,Call of Cthulhu,"Jan 20, 2023",5.99,0,0,0,1,0,PDF,0,1,1
Safe Space,https://www.drivethrurpg.com/en/product/416790/safe-space,17.0,11/14/22,Call of Cthulhu,"Jan 20, 2023",8.99,1,0,0,0,1,"Softcover, Standard Color Book (8.5"" x 11"")",0,1,1
Safe Space,https://www.drivethrurpg.com/en/product/416790/safe-space,17.0,11/14/22,Call of Cthulhu,"Jan 20, 2023",14.98,1,0,0,1,1,"PDF + Softcover, Standard Color Book (8.5"" x 11"")",0,1,1
TDM111: Mythras Companion,https://www.drivethrurpg.com/en/product/274910/tdm111-mythras-companion,56.0,5/28/19,"BRP (Basic Roleplaying), d100 / d100 Lite, Legend","Feb 5, 2022",5.99,0,0,0,1,0,Watermarked PDF,0,2,5
